Rk,Player,Tm,2020-21,2021-22,2022-23,2023-24,2024-25,2025-26,Signed Using,Guaranteed
1,Stephen Curry\curryst01,GSW,$43006362,$45780966,,,,,Bird Rights,$129019086
2,Russell Westbrook\westbru01,WAS,$41358814,$44211146,$47063478,,,,Bird Rights,$85569960
3,Chris Paul\paulch01,PHO,$41358814,$44211146,,,,,Bird Rights,$41358814
4,John Wall\walljo01,HOU,$41254920,$44310840,$47366760,,,,Bird Rights,$85565760
5,James Harden\hardeja01,HOU,$40824000,$43848000,$46872000,,,,Bird Rights,$122871000
6,LeBron James\jamesle01,LAL,$39219565,,,,,,Cap Space,$162311955
7,Kevin Durant\duranke01,BRK,$39058950,$40918900,$42778850,,,,Sign and Trade,$117176850
8,Blake Griffin\griffbl01,DET,$36595996,$38957028,,,,,Bird Rights,$70830960
9,Paul George\georgpa01,LAC,$35450412,$37895268,,,,,Maximum Salary,$68455968
10,Klay Thompson\thompkl01,GSW,$35361360,$37980720,$40600080,$43219440,,,Bird Rights,$189903600
11,Mike Conley\conlemi01,UTA,$34504132,,,,,,Cap Space,$67015755
12,Jimmy Butler\butleji01,MIA,$34379100,$36016200,$37653300,,,,Sign and Trade,$103137300
13,Kemba Walker\walkeke02,BOS,$34379100,$36016200,$37653300,,,,Sign and Trade,$103137300
14,Kawhi Leonard\leonaka01,LAC,$34379100,$36016200,,,,,Cap Space,$67121100
15,Tobias Harris\harrito02,PHI,$33517241,$36000000,$38482759,$40965517,,,Bird Rights,$181707517
16,Kyrie Irving\irvinky01,BRK,$33329100,$34916200,$36503300,,,,Cap space,$136490600
17,Khris Middleton\middlkh01,MIL,$33051724,$35500000,$37948276,$40396552,,,Bird Rights,$137103448
18,Anthony Davis\davisan02,LAL,$32742000,$35361360,$37980720,$40600080,$43219440,,Bird,$173777179
19,Damian Lillard\lillada01,POR,$31626953,$43750000,$47250000,$50750000,$54250000,,1st Round Pick,$257429274
20,Kevin Love\loveke01,CLE,$31300000,$31300000,$28900000,,,,Bird Rights,$120442830
21,Kyle Lowry\lowryky01,TOR,$30000000,,,,,,Bird Rights,$63296296
22,Joel Embiid\embiijo01,PHI,$29542010,$31579390,$33616770,,,,1st Round Pick,$122242800
23,Andrew Wiggins\wiggian01,GSW,$29542010,$31579390,$33616770,,,,1st Round Pick,$122242800
24,Kristaps Porziņģis\porzikr01,DAL,$29467800,$31650600,$33833400,$36016200,,,Bird Rights,$122236800
25,Devin Booker\bookede01,PHO,$29430000,$31610000,$33790000,$35970000,,,1st round pick,$158085000
26,Karl-Anthony Towns\townska01,MIN,$29430000,$31610000,$33790000,$35970000,,,1st Round Pick,$155905000
27,CJ McCollum\mccolcj01,POR,$29354152,$30864198,$33333333,$35802469,,,1st Round Pick,$156911111
28,Ben Simmons\simmobe01,PHI,$29250000,$31590000,$33930000,$36270000,$38610000,,1st Round pick,$177763930
29,Jamal Murray\murraja01,DEN,$29250000,$31590000,$33930000,$36270000,$38610000,,1st Round pick,$174094746
30,Pascal Siakam\siakapa01,TOR,$29000000,$31320000,$33640000,$35960000,,,1st Round pick,$132271839
31,Bradley Beal\bealbr01,WAS,$28751775,$34502130,$37262300,,,,Cap Space,$90346924
32,Andre Drummond\drumman01,CLE,$28751775,,,,,,Cap Space,$55844794
33,D'Angelo Russell\russeda01,MIN,$28649250,$30013500,$31377750,,,,Sign and Trade,$117325500
34,Nikola Jokić\jokicni01,DEN,$28542009,$30510423,$32478837,,,,Bird Rights,$118104864
35,Gordon Hayward\haywago01,CHO,$28500000,$29900000,$30100000,$31500000,,,Sign and Trade,$120000000
36,Otto Porter\porteot01,CHI,$28489239,,,,,,Bird Rights,$55739815
37,DeMar DeRozan\derozde01,SAS,$27739975,,,,,,Cap Space,$55479950
38,Steven Adams\adamsst01,NOP,$27528090,$17073171,$17926829,,,,1st Round Pick,$62528090
39,Giannis Antetokounmpo\antetgi01,MIL,$27528090,,,,,,1st Round Pick,$53370787
40,Al Horford\horfoal01,PHI,$27500000,$27000000,$26500000,,,,Cap Space,$97000000
41,Nicolas Batum\batumni01,CHO,$27130434,,,,,,,$52695651
42,Rudy Gobert\goberru01,UTA,$26525281,,,,,,1st Round Pick,$51533708
43,Jrue Holiday\holidjr01,MIL,$26131111,$27020000,,,,,Bird Rights,$26131111
44,Nikola Vučević\vucevni01,ORL,$26000000,$24000000,$22000000,,,,Bird Rights,$100000000
45,Buddy Hield\hieldbu01,SAC,$24431818,$22477273,$20522727,$18568182,,,1st Round pick,$90861208
46,LaMarcus Aldridge\aldrila01,SAS,$24000000,,,,,,Cap Space,$50000000
47,Jaylen Brown\brownja02,BOS,$22991071,$24830357,$26669643,$28508929,,,1st Round pick,$109534829
48,Draymond Green\greendr01,GSW,$22246956,$24026712,$25806469,$27586225,,,Bird Rights,$90619267
49,Harrison Barnes\barneha02,SAC,$22215909,$20284091,$18352273,,,,Bird Rights,$85000000
50,Fred VanVleet\vanvlfr01,TOR,$21250000,$19675926,$21250000,$22824074,,,Bird,$71522079
51,Victor Oladipo\oladivi01,IND,$21000000,,,,,,1st Round Pick,$42000000
52,Malcolm Brogdon\brogdma01,IND,$20700000,$21700000,$22600000,,,,Sign and Trade,$85000000
53,Zach LaVine\lavinza01,CHI,$19500000,$19500000,,,,,Cap space,$58500000
54,Danilo Gallinari\gallida01,ATL,$19500000,$20475000,$21450000,,,,Sign and Trade,$44975000
55,Gary Harris\harriga01,DEN,$19160714,$20482143,,,,,1st Round Pick,$57482143
56,Jerami Grant\grantje01,DET,$19047619,$20000000,$20952381,,,,Sign and Trade,$60000000
57,Tim Hardaway Jr.\hardati02,DAL,$18975000,,,,,,Cap space,$37125000
58,Terry Rozier\roziete01,CHO,$18900000,$17905263,,,,,Sign and Trade,$56700000
59,Julius Randle\randlju01,NYK,$18900000,$19800000,,,,,Cap Space,$40900000
60,Aaron Gordon\gordoaa01,ORL,$18136364,$16409091,,,,,Bird Rights,$54409091
61,Myles Turner\turnemy01,IND,$18000000,$18000000,$18000000,,,,1st Round pick,$72000000
62,Bogdan Bogdanović\bogdabo01,ATL,$18000000,$18000000,$18000000,$18000000,,,Cap Space,$54000000
63,Goran Dragić\dragigo01,MIA,$18000000,$19440000,,,,,Bird,$37217900
64,Bojan Bogdanović\bogdabo02,UTA,$17850000,$18700000,$19550000,,,,Cap Space,$73100000
65,Gorgui Dieng\dienggo01,MEM,$17287640,,,,,,1st Round Pick,$33516853
66,Domantas Sabonis\sabondo01,IND,$17187500,$18562500,$19937500,$21312500,,,1st Round pick,$80529555
67,Ricky Rubio\rubiori01,MIN,$17000000,$17809524,,,,,Cap Space,$34809524
68,Evan Fournier\fournev01,ORL,$17000000,,,,,,Cap Space,$34000000
69,Eric Bledsoe\bledser01,NOP,$16875000,$18125000,$19375000,,,,Bird Rights,$38900000
70,Eric Gordon\gordoer01,HOU,$16869276,$18218818,$19568360,$20917902,,,Cap Space,$68714184
71,Caris LeVert\leverca01,BRK,$16203704,$17500000,$18796296,,,,1st Round pick,$55125718
72,Joe Harris\harrijo01,BRK,$16071429,$17357143,$18642857,$19928571,,,Bird,$79666667
73,James Johnson\johnsja01,DAL,$16047100,,,,,,Cap space,$16047100
74,Clint Capela\capelca01,ATL,$16000000,$17103448,$18206897,,,,Bird Rights,$66206897
75,Dennis Schröder\schrode01,LAL,$15500000,,,,,,1st Round Pick,$15500000
76,Cody Zeller\zelleco01,CHO,$15415730,,,,,,1st Round Pick,$29887640
77,Danny Green\greenda02,OKC,$15365854,,,,,,Cap Space,$15365854
78,Jonas Valančiūnas\valanjo01,MEM,$15000000,$14000000,,,,,Bird Rights,$45000000
79,Andre Iguodala\iguodan01,MIA,$15000000,$15000000,,,,,Bird Rights,$32185185
80,Marcus Morris\morrima03,LAC,$14883721,$15627907,$16372093,$17116279,,,Non Bird,$79000000
81,Kelly Oubre Jr.\oubreke01,GSW,$14375000,,,,,,Bird Rights,$14375000
82,Dejounte Murray\murrade01,SAS,$14285714,$15428571,$16571429,$17714286,,,1st Round pick,$66321735
83,Rudy Gay\gayru01,SAS,$14000000,,,,,,Early Bird Rights,$28000000
84,Taurean Prince\princta02,BRK,$13942308,$15057692,,,,,1st Round pick,$32481986
85,Will Barton\bartowi01,DEN,$13920000,$14880000,,,,,Bird Rights,$26696786
86,Dāvis Bertāns\bertada01,WAS,$13793103,$14896552,$16000000,$17103448,$18206897,,Bird,$82000000
87,Thaddeus Young\youngth01,CHI,$13545000,$14190000,,,,,Cap space,$32445000
88,Terrence Ross\rosste01,ORL,$13500000,$12500000,$11500000,,,,Bird Rights,$50000000
89,Marcus Smart\smartma01,BOS,$13446428,$14339285,,,,,Bird Rights,$40339184
90,Patrick Beverley\beverpa01,LAC,$13333333,$14320988,,,,,Bird Rights,$40000000
91,Malik Beasley\beaslma01,MIN,$13325895,$14391964,$15458035,$16524106,,,Bird,$45907608
92,Patty Mills\millspa02,SAS,$13285714,,,,,,Bird Rights,$25714285
93,Christian Wood\woodch01,HOU,$13015874,$13666667,$14317459,,,,Sign and Trade,$41000000
94,J.J. Redick\redicjj01,NOP,$13013700,,,,,,Cap Space,$26500000
95,Justise Winslow\winslju01,MEM,$13000000,$13000000,,,,,1st Round Pick,$26000000
96,Trevor Ariza\arizatr01,OKC,$12800000,,,,,,Cap Space,$1800000
97,Brook Lopez\lopezbr01,MIL,$12697675,$13302325,$13906976,,,,Cap Space,$52000000
98,Dion Waiters\waitedi01,MEM,$12650000,,,,,,,$24750000
99,Cory Joseph\josepco01,SAC,$12600000,$12600000,,,,,Cap Space,$24600000
100,Markelle Fultz\fultzma01,ORL,$12288697,,,,,,1st Round Pick,$22033897
101,Kelly Olynyk\olynyke01,MIA,$12198243,,,,,,Cap space,$23866128
102,Tony Snell\snellto01,DET,$12178571,,,,,,Cap space,$23571428
103,Robert Covington\covinro01,POR,$12138345,$12975471,,,,,Cap Space,$25113816
104,Kentavious Caldwell-Pope\caldwke01,LAL,$12073020,$13038862,$14004703,,,,Early Bird,$38089282
105,Jusuf Nurkić\nurkiju01,POR,$12000000,$12000000,,,,,Bird Rights,$28000000
106,T.J. Warren\warretj01,IND,$11750000,$12690000,,,,,1st Round Pick,$35250000
107,Larry Nance Jr.\nancela02,CLE,$11709091,$10690909,$9672727,,,,1st Round pick,$44800000
108,Jordan Clarkson\clarkjo01,UTA,$11500000,$12420000,$13340000,$14260000,,,Bird,$50697500
109,Spencer Dinwiddie\dinwisp01,BRK,$11454048,$12302496,,,,,Minimum Salary,$22059648
110,Dillon Brooks\brookdi01,MEM,$11400000,$12200000,$11400000,,,,MLE,$36618520
111,Lonzo Ball\balllo01,NOP,$11003782,,,,,,1st Round Pick,$19723102
112,Norman Powell\powelno01,TOR,$10865952,$11615328,,,,,Cap Space,$20982528
113,Joe Ingles\inglejo01,UTA,$10863637,$14000000,,,,,Bird Rights,$36818183
114,Josh Richardson\richajo01,DAL,$10800000,$11600000,,,,,Minimum Salary,$10800000
115,Jeremy Lamb\lambje01,IND,$10500000,$10500000,,,,,Cap Space,$31500000
116,DeAndre Jordan\jordade01,BRK,$10375678,$9881598,$9821842,,,,Cap space,$39960716
117,Zion Williamson\willizi01,NOP,$10245480,$10733400,$13534817,,,,1st Round Pick,$20002920
118,Dwight Powell\poweldw01,DAL,$10185185,$11000000,$11814815,,,,Cap Space,$43259375
119,Rodney Hood\hoodro01,POR,$10047450,$10851246,,,,,Early Bird,$15765450
120,Deandre Ayton\aytonde01,PHO,$10018200,$12632950,,,,,1st Round Pick,$19581120
121,Tomáš Satoranský\satorto01,CHI,$10000000,$10000000,,,,,Sign and Trade,$25000000
122,Jayson Tatum\tatumja01,BOS,$9897120,,,,,,1st Round Pick,$143631024
123,Anthony Edwards\edwaran01,MIN,$9757440,$10245480,$10733400,$13534817,,,1st Round Pick,$20002920
124,Meyers Leonard\leoname01,MIA,$9756098,$10243902,,,,,Bird,$21042613
125,Al-Farouq Aminu\aminual01,ORL,$9720900,$10183800,,,,,MLE,$29162700
126,Dante Exum\exumda01,CLE,$9600000,,,,,,Cap Space,$18200000
127,George Hill\hillge01,OKC,$9590602,$10047297,,,,,Cap Space,$10866093
128,Kyle Anderson\anderky01,MEM,$9505100,$9937150,,,,,MLE,$28515300
129,Derrick Jones Jr.\jonesde02,POR,$9268293,$9731707,,,,,MLE,$19000000
130,Jae Crowder\crowdja01,PHO,$9258000,$9720900,$10183800,,,,MLE,$29162700
131,Derrick Favors\favorde01,UTA,$9258000,$9720900,$10183800,,,,MLE,$18978900
132,Montrezl Harrell\harremo01,LAL,$9258000,$9720900,,,,,MLE,$18978900
133,Tristan Thompson\thomptr01,BOS,$9258000,$9720900,,,,,MLE,$18978900
134,Serge Ibaka\ibakase01,LAC,$9258000,$9742000,,,,,MLE,$9258000
135,Ja Morant\moranja01,MEM,$9166800,$9603360,$12119440,,,,1st Round Pick,$17897040
136,Delon Wright\wrighde01,DET,$9000000,$8526316,,,,,Sign and Trade,$17526316
137,Marvin Bagley III\baglema01,SAC,$8963640,$11312114,,,,,1st Round Pick,$17519760
138,Cedi Osman\osmande01,CLE,$8750000,$8050000,$7350000,$6650000,,,MLE,$27057143
139,James Wiseman\wisemja01,GSW,$8730240,$9166800,$9603360,$12119440,,,1st Round Pick,$17897040
140,Dario Šarić\saricda01,PHO,$8333333,$9000000,$9666667,,,,Bird,$30481986
141,Thomas Bryant\bryanth01,WAS,$8333333,$8730159,,,,,Early Bird Rights,$25063492
142,Maxi Kleber\klebima01,DAL,$8250000,$8750000,$9000000,,,,Early Bird Rights,$25000000
143,RJ Barrett\barrerj01,NYK,$8231760,$8623920,$10900635,,,,1st Round Pick,$16071720
144,Jakob Poeltl\poeltja01,SAS,$8101852,$8750000,$9398148,,,,Bird,$30004886
145,De'Aaron Fox\foxde01,SAC,$8099627,,,,,,1st Round Pick,$177492977
146,Luka Dončić\doncilu01,DAL,$8049360,$10174391,,,,,1st Round Pick,$25907111
147,Royce O'Neale\onealro01,UTA,$8035714,$8678571,$9321429,$9964286,,,Cap space,$37618520
148,Mason Plumlee\plumlma01,DET,$8000000,$8137500,$8525000,,,,Cap space,$24662500
149,Lou Williams\willilo02,LAC,$8000000,,,,,,Cap Space,$16000000
150,P.J. Tucker\tuckepj01,HOU,$7969537,,,,,,MLE,$16318576
151,Tyus Jones\jonesty01,MEM,$7965100,$7522200,,,,,MLE,$23895300
152,LaMelo Ball\ballla01,CHO,$7839960,$8231760,$8623920,$10900635,,,1st Round Pick,$16071720
153,Seth Curry\curryse01,PHI,$7813953,$8186047,$8558140,,,,MLE,$24558140
154,De'Anthony Melton\meltode01,MEM,$7812500,$8437500,$9062500,$9687500,,,Early Bird,$36416852
155,Derrick Rose\rosede01,DET,$7682927,,,,,,MLE,$15000000
156,Cristiano Felício\feliccr01,CHI,$7529020,,,,,,Cap space,$15685520
157,Rajon Rondo\rondora01,ATL,$7500000,$7500000,,,,,Cap Space,$15000000
158,De'Andre Hunter\huntede01,ATL,$7422000,$7775400,$9835881,,,,1st Round Pick,$14490360
159,Jonathan Isaac\isaacjo01,ORL,$7362566,,,,,,1st Round Pick,$13169006
160,Doug McDermott\mcderdo01,IND,$7333333,,,,,,Cap Space,$14666667
161,Robin Lopez\lopezro01,WAS,$7300000,,,,,,MLE,$7300000
162,Jaren Jackson Jr.\jacksja02,MEM,$7257360,$9180560,,,,,1st Round Pick,$14184840
163,JaMychal Green\greenja01,DEN,$7199760,$7559748,,,,,MLE,$14759508
164,Nemanja Bjelica\bjeline01,SAC,$7150000,,,,,,Cap Space,$6825000
165,Patrick Williams\willipa01,CHI,$7068360,$7422000,$7775400,$9835881,,,1st Round Pick,$14490360
166,Ivica Zubac\zubaciv01,LAC,$7000000,$7518518,$7518518,,,,Bird Rights,$21000000
167,Darius Miller\milleda01,OKC,$7000000,,,,,,Early Bird Rights,$7000000
168,Aron Baynes\baynear01,TOR,$6975610,$7324390,,,,,MLE,$6975610
169,Lauri Markkanen\markkla01,CHI,$6731508,,,,,,1st Round Pick,$12031908
170,Darius Garland\garlada01,CLE,$6720720,$7040880,$8920795,,,,1st Round Pick,$13121640
171,D.J. Augustin\augusdj01,MIL,$6666667,$7000000,$7333333,,,,MLE,$14000000
172,Trae Young\youngtr01,ATL,$6571800,$8326471,,,,,1st Round Pick,$12844800
173,Jabari Parker\parkeja01,SAC,$6500000,,,,,,Cap Space,$13000000
174,Juan Hernangómez\hernaju01,MIN,$6493000,$7012440,$7531880,,,,Bird,$16826470
175,Chris Boucher\bouchch01,TOR,$6490385,$7009615,,,,,Early Bird,$15088231
176,Joakim Noah\noahjo01,NYK,$6431666,$6431666,,,,,,$19294998
177,Isaac Okoro\okorois01,CLE,$6400920,$6720720,$7040880,$8920795,,,1st Round Pick,$13121640
178,Frank Ntilikina\ntilila01,NYK,$6176578,,,,,,1st Round Pick,$11032378
179,DeMarre Carroll\carrode01,SAS,$6167887,$1252127,,,,,,$14262321
180,Ish Smith\smithis01,WAS,$6146341,,,,,,MLE,$12146341
181,Jarrett Culver\culveja01,MIN,$6104280,$6395160,$8109063,,,,1st Round Pick,$11917920
182,Alec Burks\burksal01,NYK,$6000000,,,,,,Cap Space,$6000000
183,Mo Bamba\bambamo01,ORL,$5969040,$7568742,,,,,1st Round Pick,$11666640
184,Onyeka Okongwu\okongon01,ATL,$5813640,$6104280,$6395160,$8109063,,,1st Round Pick,$11917920
185,Justin Holiday\holidju01,IND,$5720400,$6006420,$6292440,,,,Non Bird,$22786260
186,Dennis Smith Jr.\smithde03,NYK,$5686677,,,,,,1st Round Pick,$10150317
187,Avery Bradley\bradlav01,MIA,$5635000,$5916750,,,,,MLE,$5635000
188,Timofey Mozgov\mozgoti01,ORL,$5573333,$5573334,,,,,,$16720000
189,Coby White\whiteco01,CHI,$5572680,$5837760,$7413955,,,,1st Round Pick,$10879800
190,Trey Lyles\lylestr01,SAS,$5500000,,,,,,MLE,$5500000
191,Wendell Carter Jr.\cartewe01,CHI,$5448840,$6920027,,,,,1st Round Pick,$10650240
192,Zach Collins\colliza01,POR,$5406255,,,,,,1st Round Pick,$9646455
193,Malik Monk\monkma01,CHO,$5345687,,,,,,1st Round Pick,$9374087
194,Killian Hayes\hayeski01,DET,$5307120,$5572680,$5837760,$7413955,,,1st Round Pick,$10879800
195,Luke Kennard\kennalu01,LAC,$5273826,,,,,,1st Round Pick,$5273826
196,Ryan Anderson\anderry01,MIA,$5214583,$5214584,,,,,,$15643750
197,Donovan Mitchell\mitchdo01,UTA,$5195501,,,,,,1st Round Pick,$134735165
198,Bam Adebayo\adebaba01,MIA,$5115492,,,,,,1st Round Pick,$171570162
199,Jaxson Hayes\hayesja02,NOP,$5105160,$5348280,$6803012,,,,1st Round Pick,$9967200
200,Justin Jackson\jacksju01,OKC,$5029650,,,,,,1st Round Pick,$5029650
201,Richaun Holmes\holmeri01,SAC,$5005350,,,,,,Room Exception,$9772350
202,Mike Scott\scottmi01,PHI,$5005350,,,,,,Room Exception,$9772350
203,Enes Kanter\kanteen01,POR,$5005350,,,,,,Room Exception,$5005350
204,Ed Davis\davised01,MIN,$5005350,,,,,,Room Exception,$5005350
205,Rodney McGruder\mcgruro01,DET,$5000000,$5370370,,,,,Cap Space,$10370370
206,Nerlens Noel\noelne01,NYK,$5000000,,,,,,Cap Space,$5000000
207,Daniel Theis\theisda01,BOS,$5000000,,,,,,Early Bird Rights,$5000000
208,Collin Sexton\sextoco01,CLE,$4991880,$6349671,,,,,1st Round Pick,$9756840
209,Luol Deng\denglu01,LAL,$4990000,$4990000,,,,,,$14980000
210,Pat Connaughton\connapa01,MIL,$4938272,$5333333,$5728395,,,,Early Bird,$11994655
211,Obi Toppin\toppiob01,NYK,$4862040,$5105160,$5348280,$6803012,,,1st Round Pick,$9967200
212,Kevon Looney\looneke01,GSW,$4821429,$5178572,,,,,Bird Rights,$9285715
213,Josh Jackson\jacksjo02,DET,$4767000,$5005350,,,,,Room Exception,$9772350
214,Garrett Temple\templga01,CHI,$4767000,,,,,,MLE,$4767000
215,Kris Dunn\dunnkr01,ATL,$4767000,$5005350,,,,,Room Exception,$4767000
216,Elfrid Payton\paytoel01,NYK,$4760000,,,,,,Cap Space,$13760000
217,Denzel Valentine\valende01,CHI,$4698198,,,,,,,$8075767
218,Rui Hachimura\hachiru01,WAS,$4692840,$4916160,$6263188,,,,1st Round Pick,$9162000
219,Kevin Knox\knoxke01,NYK,$4588680,$5845978,,,,,1st Round Pick,$8968800
220,D.J. Wilson\wilsodj01,MIL,$4548280,,,,,,1st Round Pick,$7509400
221,Deni Avdija\avdijde01,WAS,$4469160,$4692840,$4916160,$6263188,,,1st Round Pick,$9162000
222,Cam Reddish\reddica01,ATL,$4458000,$4670160,$5954454,,,,1st Round Pick,$8703720
223,Mikal Bridges\bridgmi01,PHO,$4359000,$5557725,,,,,1st Round Pick,$8520000
224,T.J. Leaf\leaftj01,OKC,$4326825,,,,,,1st Round Pick,$4326825
225,Jalen Smith\smithja04,PHO,$4245720,$4458000,$4670160,$5954454,,,1st Round Pick,$8703720
226,Cameron Johnson\johnsca02,PHO,$4235160,$4437000,$5887899,,,,1st Round Pick,$8268600
227,Reggie Bullock\bullore01,NYK,$4200000,,,,,,Room Exception,$5000000
228,JaVale McGee\mcgeeja01,CLE,$4200000,,,,,,Cap Space,$4200000
229,Shai Gilgeous-Alexander\gilgesh01,OKC,$4141320,$5495532,,,,,1st Round Pick,$8094240
230,John Collins\collijo01,ATL,$4137302,,,,,,1st Round Pick,$6823862
231,Nicolò Melli\mellini01,NOP,$4097561,,,,,,Room Exception,$8200125
232,Devin Vassell\vassede01,SAS,$4033440,$4235160,$4437000,$5887899,,,1st Round Pick,$8268600
233,P.J. Washington\washipj01,CHO,$4023600,$4215120,$5808435,,,,1st Round Pick,$7855440
234,Dorian Finney-Smith\finnedo01,DAL,$4000000,$4000000,,,,,Bird Rights,$12000000
235,Willie Cauley-Stein\caulewi01,DAL,$4000000,$4200000,,,,,MLE,$10377483
236,Patrick McCaw\mccawpa01,TOR,$4000000,,,,,,MLE,$8000000
237,Terrance Ferguson\fergute01,OKC,$3944013,,,,,,1st Round Pick,$6419853
238,Miles Bridges\bridgmi02,CHO,$3934320,$5421493,,,,,1st Round Pick,$7689720
239,Jarrett Allen\allenja01,BRK,$3909902,,,,,,1st Round Pick,$6286742
240,OG Anunoby\anunoog01,TOR,$3872215,,,,,,1st Round Pick,$6154015
241,Tyrese Haliburton\halibty01,SAC,$3831840,$4023600,$4215120,$5808435,,,1st Round Pick,$7855440
242,Tyler Herro\herroty01,MIA,$3822240,$4004280,$5722116,,,,1st Round Pick,$11466720
243,Stanley Johnson\johnsst04,TOR,$3801000,,,,,,Bi-annual Exception,$7424000
244,Jake Layman\laymaja01,MIN,$3761085,$3940184,,,,,Sign and Trade,$11283255
245,Jerome Robinson\robinje01,WAS,$3737520,$5340916,,,,,1st Round Pick,$7305240
246,Danuel House\houseda01,HOU,$3717000,$3894000,,,,,MLE,$11151000
247,Kira Lewis Jr.\lewiski01,NOP,$3640200,$3822240,$4004280,$5722116,,,1st Round Pick,$7462440
248,Romeo Langford\langfro01,BOS,$3631200,$3804360,$5634257,,,,1st Round Pick,$7089600
249,Facundo Campazzo\campafa01,DEN,$3623000,$3804150,,,,,Bi-Annual Exception,$7427150
250,Bobby Portis\portibo01,MIL,$3623000,$3804150,,,,,Bi-Annual Exception,$3623000
251,Maurice Harkless\harklma01,MIA,$3623000,,,,,,MLE,$3623000
252,Wesley Matthews\matthwe02,LAL,$3623000,,,,,,Bi-Annual Exception,$3623000
253,Kyle Kuzma\kuzmaky01,LAL,$3562178,,,,,,1st Round Pick,$5536778
254,Michael Porter Jr.\portemi01,DEN,$3550800,$5258735,,,,,1st Round Pick,$6940200
255,Jevon Carter\carteje01,PHO,$3549383,$3833333,$4117284,,,,Early Bird,$12916852
256,Tony Bradley\bradlto01,PHI,$3542060,,,,,,1st Round Pick,$3542060
257,Derrick White\whitede01,SAS,$3516284,,,,,,1st Round Pick,$5464364
258,Mirza Teletović\teletmi01,MIL,$3500000,,,,,,,$7000000
259,Boban Marjanović\marjabo01,DAL,$3500000,,,,,,Bi-Annual Exception,$7000000
260,T.J. McConnell\mccontj01,IND,$3500000,,,,,,Cap Space,$4500000
261,Josh Hart\hartjo01,NOP,$3491159,,,,,,1st Round Pick,$5425319
262,Aaron Nesmith\nesmiaa01,BOS,$3458400,$3631200,$3804360,$5634257,,,1st Round Pick,$7089600
263,Sekou Doumbouya\doumbse01,DET,$3449400,$3613680,$5539771,,,,1st Round Pick,$6734520
264,Troy Brown Jr.\browntr01,WAS,$3372840,$5170564,,,,,1st Round Pick,$6592320
265,James Ennis\ennisja01,ORL,$3300000,,,,,,MLE,$5182867
266,Cole Anthony\anthoco01,ORL,$3285120,$3449400,$3613680,$5539771,,,1st Round Pick,$6734520
267,Zhaire Smith\smithzh01,DET,$3204600,,,,,,,$3204600
268,Trey Burke\burketr01,DAL,$3174603,$3333333,$3492063,,,,MLE,$6737156
269,Austin Rivers\riverau01,NYK,$3174603,$3333333,$3492063,,,,Sign and Trade,$3174603
270,Jon Leuer\leuerjo01,MIL,$3169348,$3169347,,,,,,$9508043
271,Chuma Okeke\okekech01,ORL,$3121080,$3277080,$3433320,$5266713,,,1st Round Pick,$6398160
272,Isaiah Stewart\stewais01,DET,$3121080,$3277080,$3433320,$5266713,,,1st Round Pick,$6398160
273,Nickeil Alexander-Walker\alexani01,NOP,$3113160,$3261480,$5009633,,,,1st Round Pick,$6078000
274,Patrick Patterson\pattepa01,LAC,$3077701,,,,,,Non Bird,$5409294
275,Donte DiVincenzo\divindo01,MIL,$3044160,$4675830,,,,,1st Round Pick,$5949960
276,Michael Carter-Williams\cartemi01,ORL,$3000000,$3000000,,,,,Early Bird,$8028594
277,Khem Birch\birchkh01,ORL,$3000000,,,,,,Early Bird Rights,$6000000
278,Ryan Arcidiacono\arcidry01,CHI,$3000000,$3000000,,,,,Cap space,$6000000
279,Aleksej Pokusevski\pokusal01,MIN,$2964840,$3113160,$3261480,$5009633,,,1st Round Pick,$6078000
280,Goga Bitadze\bitadgo01,IND,$2957520,$3098400,$4765339,,,,1st Round Pick,$5774280
281,Lonnie Walker\walkelo01,SAS,$2892000,$4447896,,,,,1st Round Pick,$5652480
282,Dewayne Dedmon\dedmode01,DET,$2866667,$2866667,$2866667,$2866667,$2866667,,,$14333335
283,Andrew Nicholson\nichoan01,POR,$2844429,$2844429,$2844429,$2844429,,,,$14222145
284,Luka Šamanić\samanlu01,SAS,$2824320,$2959080,$4556983,,,,1st Round Pick,$5514240
285,Josh Green\greenjo02,DAL,$2816760,$2957520,$3098400,$4765339,,,1st Round Pick,$5774280
286,Kevin Huerter\huertke01,ATL,$2761920,$4253357,,,,,1st Round Pick,$5398200
287,Alex Caruso\carusal01,LAL,$2750000,,,,,,Room Exception,$5500000
288,Marko Guduric\gudurma01,MEM,$2750000,,,,,,Bi-annual Exception,$5375000
289,Matisse Thybulle\thybuma01,PHI,$2711280,$2840160,$4379527,,,,1st Round Pick,$5293440
290,Saddiq Bey\beysa01,DET,$2689920,$2824320,$2959080,$4556983,,,1st Round Pick,$5514240
291,Josh Okogie\okogijo01,MIN,$2651040,$4087904,,,,,1st Round Pick,$5181720
292,Rajon Rondo\rondora01,LAL,$2619605,,,,,,Minimum Salary,$2564753
293,Vincent Poirier\poirivi01,OKC,$2619207,,,,,,Minimum Salary,$2619207
294,Brandon Clarke\clarkbr01,MEM,$2602920,$2726880,$4343920,,,,1st Round Pick,$5081760
295,Precious Achiuwa\achiupr01,MIA,$2582160,$2711280,$2840160,$4379527,,,1st Round Pick,$5293440
296,Marc Gasol\gasolma01,LAL,$2564753,$2692991,,,,,Minimum Salary,$5257744
297,Udonis Haslem\hasleud01,MIA,$2564753,,,,,,Minimum Salary,$5129506
298,Jared Dudley\dudleja01,LAL,$2564753,,,,,,Minimum Salary,$5129506
299,J.J. Barea\bareajo01,DAL,$2564753,,,,,,Minimum Salary,$5129506
300,Dwight Howard\howardw01,PHI,$2564753,,,,,,Minimum Salary,$2564753
301,Nicolas Batum\batumni01,LAC,$2564753,,,,,,Minimum Salary,$2564753
302,Wayne Ellington\ellinwa01,DET,$2564753,,,,,,Minimum Salary,$2564753
303,Jeff Green\greenje02,BRK,$2564753,,,,,,Minimum Salary,$2564753
304,Jeff Teague\teaguje01,BOS,$2564753,,,,,,Minimum Salary,$2564753
305,Gerald Green\greenge01,HOU,$2564753,,,,,,,
306,Grayson Allen\allengr01,MEM,$2545320,$4054695,,,,,1st Round Pick,$4974720
307,Grant Williams\willigr01,BOS,$2498760,$2617800,$4306281,,,,1st Round Pick,$4878600
308,Chandler Hutchison\hutchch01,CHI,$2443440,$4019459,,,,,1st Round Pick,$4775760
309,Tyler Zeller\zellety01,SAS,$2436046,,,,,,Minimum Salary,$245686
310,Darius Bazley\bazleda01,OKC,$2399160,$2513040,$4264629,,,,1st Round Pick,$4683960
311,Zeke Nnaji\nnajize01,DEN,$2379840,$2498760,$2617800,$4306281,,,1st Round Pick,$4878600
312,Aaron Holiday\holidaa01,IND,$2345640,$3980551,,,,,1st Round Pick,$4584840
313,Bryn Forbes\forbebr01,MIL,$2337145,$2454002,,,,,MLE,$2337145
314,Bismack Biyombo\biyombi01,CHO,$2331593,,,,,,Minimum Salary,$19331593
315,Markieff Morris\morrima02,LAL,$2331593,,,,,,Minimum Salary,$4081593
316,Reggie Jackson\jacksre01,LAC,$2331593,,,,,,,$3065618
317,E'Twaun Moore\mooreet01,PHO,$2331593,,,,,,Minimum Salary,$2331593
318,DeMarcus Cousins\couside01,HOU,$2331593,,,,,,,
319,Hassan Whiteside\whiteha01,SAC,$2320044,,,,,,Minimum Salary,$2320044
320,Kent Bazemore\bazemke01,GSW,$2320044,,,,,,Minimum Salary,$2320044
321,Alex Len\lenal01,TOR,$2320000,,,,,,MLE,$2320000
322,Luke Kornet\kornelu01,CHI,$2304878,,,,,,Room Exception,$4554878
323,Ty Jerome\jeromty01,OKC,$2303040,$2412840,$4220057,,,,1st Round Pick,$2303040
324,Mike Muscala\muscami01,OKC,$2283034,,,,,,Minimum Salary,$4311628
325,Ben McLemore\mclembe01,HOU,$2283034,,,,,,Minimum Salary,$4311628
326,Anfernee Simons\simonan01,POR,$2252040,$3938818,,,,,1st Round Pick,$4401600
327,Brad Wanamaker\wanambr01,GSW,$2250000,,,,,,Mini MLE,$2250000
328,Monta Ellis\ellismo01,IND,$2245400,$2245400,,,,,,$6736200
329,Nassir Little\littlna01,POR,$2210640,$2316240,$4171548,,,,1st Round Pick,$4316160
330,R.J. Hampton\hamptrj01,DEN,$2193480,$2303040,$2412840,$4220057,,,1st Round Pick,$4496520
331,Matthew Dellavedova\dellama01,CLE,$2174318,,,,,,Minimum Salary,$11781818
332,Solomon Hill\hillso01,ATL,$2174318,,,,,,Cap Space,$2174318
333,Moritz Wagner\wagnemo01,WAS,$2161920,$3893618,,,,,1st Round Pick,$4225440
334,Edmond Sumner\sumneed01,IND,$2160000,$2320000,,,,,Cap Space,$4160000
335,Dylan Windler\windldy01,CLE,$2137440,$2239200,$4037278,,,,1st Round Pick,$4173240
336,Immanuel Quickley\quickim01,NYK,$2105520,$2210640,$2316240,$4171548,,,1st Round Pick,$4316160
337,John Konchar\konchjo01,MEM,$2093023,$2197674,$2302326,$2406977,,,MLE,$9000000
338,Landry Shamet\shamela01,BRK,$2090040,$3768342,,,,,1st Round Pick,$2090040
339,Mfiondu Kabengele\kabenmf01,LAC,$2075880,$2174880,$3923484,,,,1st Round Pick,$4052880
340,Jordan Poole\poolejo01,GSW,$2063280,$2161440,$3901399,,,,1st Round Pick,$4028040
341,Bol Bol\bolbo01,DEN,$2058240,$2161152,,,,,MLE,$4219392
342,Keldon Johnson\johnske04,SAS,$2048040,$2145720,$3873025,,,,1st Round Pick,$3998640
343,Payton Pritchard\pritcpa01,BOS,$2035800,$2137440,$2239200,$4037278,,,1st Round Pick,$4173240
344,Kevin Porter Jr.\porteke02,CLE,$2033160,$2130240,$3845083,,,,1st Round Pick,$3324120
345,Robert Williams\williro04,BOS,$2029920,$3661976,,,,,1st Round Pick,$3967440
346,Tyler Johnson\johnsty01,BRK,$2028594,,,,,,Minimum Salary,$2241347
347,Glenn Robinson III\robingl02,SAC,$2028594,,,,,,Minimum Salary,$2028594
348,Langston Galloway\gallola01,PHO,$2028594,,,,,,Minimum Salary,$2028594
349,Nik Stauskas\stausni01,MIL,$2028594,,,,,,Minimum Salary,$2028594
350,Bruno Caboclo\cabocbr01,HOU,$2028594,$2283034,,,,,Minimum Salary,$1895301
351,Noah Vonleh\vonleno01,CHI,$2028594,,,,,,,
352,Jacob Evans\evansja02,NYK,$2017320,$3641263,,,,,1st Round Pick,$2017320
353,Džanan Musa\musadz01,DET,$2002800,$3615054,,,,,1st Round Pick,$2002800
354,Kenrich Williams\willike04,OKC,$2000000,$2000000,$2000000,,,,Sign and Trade,$2000000
355,Damyean Dotson\dotsoda01,CLE,$2000000,$2000000,,,,,MLE,$2000000
356,Omari Spellman\spellom01,NYK,$1988280,$3588845,,,,,1st Round Pick,$1988280
357,Cameron Payne\payneca01,PHO,$1977011,,,,,,Minimum Salary,$2173299
358,Udoka Azubuike\azubuud01,UTA,$1977000,$2075880,$2174880,$3923484,,,1st Round Pick,$4052880
359,Jaden McDaniels\mcdanja02,MIN,$1964760,$2063280,$2161440,$3901399,,,1st Round Pick,$4028040
360,Malachi Flynn\flynnma01,TOR,$1950600,$2048040,$2145720,$3873025,,,1st Round Pick,$3998640
361,Gary Clark\clarkga01,ORL,$1944677,$2041911,,,,,Non Bird,$4705353
362,Desmond Bane\banede01,MEM,$1936440,$2033160,$2130240,$3845083,,,1st Round Pick,$3969600
363,Anderson Varejão\varejan01,POR,$1913345,,,,,,,$3826690
364,Jontay Porter\portejo01,MEM,$1904762,$2000000,$2095238,,,,MLE,$6197933
365,Jahlil Okafor\okafoja01,DET,$1882867,$2130023,,,,,Minimum Salary,$4012890
366,JaKarr Sampson\sampsja02,IND,$1882867,,,,,,Minimum Salary,$3620012
367,Raul Neto\netora01,WAS,$1882867,,,,,,Minimum Salary,$1882867
368,Mario Hezonja\hezonma01,MEM,$1882867,,,,,,Minimum Salary,$1882867
369,Jerian Grant\grantje02,HOU,$1882867,,,,,,Minimum Salary,$1882867
370,Justin Anderson\anderju01,PHI,$1882867,$2130023,,,,,Minimum Salary,$125000
371,Frank Kaminsky\kaminfr01,SAC,$1882867,,,,,,,
372,Larry Sanders\sandela01,MIL,$1865547,$1865547,,,,,,$5596641
373,David Nwaba\nwabada01,HOU,$1862250,,,,,,MLE,$2765361
374,Marquese Chriss\chrisma01,GSW,$1824003,,,,,,Minimum Salary,$2213272
375,Timothé Luwawu-Cabarrot\luwawti01,BRK,$1824003,,,,,,Minimum Salary,$844170
376,Georges Niang\niangge01,UTA,$1783557,,,,,,Non-Bird Exception,$1678854
377,Rodions Kurucs\kurucro01,BRK,$1780152,$1861068,,,,,Cap space,$3479388
378,Furkan Korkmaz\korkmfu01,PHI,$1762796,,,,,,Minimum Salary,$1620564
379,Damion Lee\leeda03,GSW,$1762796,$1910860,,,,,MLE,$1442327
380,Alfonzo McKinnie\mckinal01,LAL,$1762796,$1910860,$2165298,,,,,
381,Semi Ojeleye\ojelese01,BOS,$1752950,,,,,,Cap space,$3371470
382,Abdel Nader\naderab01,PHO,$1752950,,,,,,Cap Space,$1752950
383,Damian Jones\jonesda03,PHO,$1737145,$1977011,,,,,Minimum Salary,$3714156
384,DeAndre' Bembry\bembrde01,TOR,$1737145,$1977011,,,,,Minimum Salary,$1737145
385,Henry Ellenson\ellenhe01,TOR,$1737145,$1977011,,,,,Minimum Salary,$50000
386,Willy Hernangómez\hernawi01,NOP,$1727145,,,,,,Minimum Salary,$700000
387,Shake Milton\miltosh01,PHI,$1701593,$1846738,$1997718,,,,Cap Space,$4994028
388,Thanasis Antetokounmpo\antetth01,MIL,$1701593,,,,,,Minimum Salary,$3147290
389,Brandon Goodwin\goodwbr01,ATL,$1701593,,,,,,Minimum Salary,$522738
390,Wesley Iwundu\iwundwe01,DAL,$1678854,$1824003,,,,,Minimum Salary,$3502857
391,Sindarius Thornwell\thornsi01,NOP,$1678854,$1824003,,,,,Minimum Salary,$1861969
392,Harry Giles\gilesha01,POR,$1678854,,,,,,Minimum Salary,$1678854
393,Dwayne Bacon\bacondw01,ORL,$1678854,$1824003,,,,,Minimum Salary,$1678854
394,Torrey Craig\craigto01,MIL,$1678854,,,,,,Minimum Salary,$1678854
395,Sterling Brown\brownst02,HOU,$1678854,,,,,,Minimum Salary,$1678854
396,Mitchell Robinson\robinmi01,NYK,$1663861,$1802057,,,,,MLE,$3223573
397,Gary Trent Jr.\trentga02,POR,$1663861,,,,,,MLE,$3080713
398,Hamidou Diallo\diallha01,OKC,$1663861,,,,,,MLE,$3080713
399,Duncan Robinson\robindu01,MIA,$1663861,,,,,,MLE,$3080713
400,Kendrick Nunn\nunnke01,MIA,$1663861,,,,,,Minimum Salary,$3080713
401,Sviatoslav Mykhailiuk\mykhasv01,DET,$1663861,,,,,,Cap Space,$3080713
402,Jalen Brunson\brunsja01,DAL,$1663861,$1802057,,,,,Cap Space,$3080713
403,Monte Morris\morrimo01,DEN,$1663861,,,,,,Minimum Salary,$1588231
404,Isaac Bonga\bongais01,WAS,$1663861,,,,,,Cap Space,$1416852
405,Melvin Frazier\frazime01,ORL,$1663861,,,,,,MLE,$1416852
406,Jarred Vanderbilt\vandeja01,MIN,$1663861,,,,,,Cap Space,$1416852
407,Devonte' Graham\grahade01,CHO,$1663861,,,,,,MLE,$1416852
408,Bruce Brown\brownbr01,BRK,$1663861,,,,,,,
409,Drew Eubanks\eubandr01,SAS,$1620564,$1762796,$1910860,,,,Minimum Salary,$2120564
410,Josh Gray\grayjo01,OKC,$1620564,,,,,,,$1620564
411,Wenyen Gabriel\gabriwe01,NOP,$1620564,$1762796,,,,,Minimum Salary,$1620564
412,Chimezie Metu\metuch01,SAC,$1620564,$1762796,$1910860,,,,MLE,$50000
413,Derrick Walton\waltode01,PHI,$1620564,,,,,,,
414,Jarrod Uthoff\uthofja01,NOP,$1620564,,,,,,,
415,Terance Mann\mannte01,LAC,$1517984,$1782621,$1930681,,,,Minimum Salary,$2517984
416,Bruno Fernando\fernabr01,ATL,$1517981,$1782621,,,,,Cap space,$4700602
417,Carsen Edwards\edwarca01,BOS,$1517981,$1782621,$1930681,,,,Cap space,$4528628
418,Cody Martin\martico01,CHO,$1517981,$1782621,,,,,MLE,$4473912
419,KZ Okpala\okpalkz01,MIA,$1517981,$1782621,,,,,MLE,$4198912
420,Eric Paschall\pascher01,GSW,$1517981,$1782621,,,,,MLE,$4198912
421,Nicolas Claxton\claxtni01,BRK,$1517981,$1782621,,,,,Minimum Salary,$4198912
422,Admiral Schofield\schofad01,OKC,$1517981,$1782621,,,,,MLE,$3300602
423,Isaiah Roby\robyis01,OKC,$1517981,$1782621,$1930681,,,,MLE,$3017981
424,Justin James\jamesju01,SAC,$1517981,$1782621,,,,,Minimum Salary,$2416291
425,Ignas Brazdeikis\brazdig01,NYK,$1517981,$1782621,,,,,Minimum Salary,$2416291
426,Talen Horton-Tucker\hortota01,LAL,$1517981,,,,,,Minimum Salary,$2416291
427,Daniel Gafford\gaffoda01,CHI,$1517981,$1782621,$1930681,,,,Minimum Salary,$2416291
428,Alen Smailagić\smailal01,GSW,$1517981,$1782621,$1930681,,,,MLE,$2415891
429,Luguentz Dort\dortlu01,OKC,$1517981,$1782621,$1930681,,,,Minimum Salary,$2298628
430,Chris Silva\silvach01,MIA,$1517981,$1782621,,,,,MLE,$1984899
431,Matt Thomas\thomama02,TOR,$1517981,$1782621,,,,,MLE,$1623310
432,Jalen Lecque\lecquja01,IND,$1517981,$1782621,$1930681,,,,Cap Space,$1517981
433,Nigel Williams-Goss\willini01,UTA,$1517981,$1782621,,,,,Cap Space,$1500000
434,Jaylen Nowell\nowelja01,MIN,$1517981,$1782621,$1930681,,,,MLE,$1400000
435,Miye Oni\onimi01,UTA,$1517981,$1782621,,,,,Minimum Salary,$898310
436,Terence Davis\daviste02,TOR,$1517981,,,,,,Minimum Salary,$898310
437,Naz Reid\reidna01,MIN,$1517981,$1782621,$1930681,,,,MLE,$898310
438,Caleb Martin\martica02,CHO,$1517981,$1782621,,,,,Minimum Salary,$898310
439,Jalen McDaniels\mcdanja01,CHO,$1517981,$1782621,$1930681,,,,Minimum Salary,$898310
440,Javonte Green\greenja02,BOS,$1517981,,,,,,Minimum Salary,$898310
441,Chris Clemons\clemoch01,HOU,$1517981,$1782621,,,,,MLE,$563347
442,Dean Wade\wadede01,CLE,$1517981,$1782621,$1930681,,,,MLE,$375000
443,Juan Toscano-Anderson\toscaju01,GSW,$1517981,$1782621,,,,,MLE,$350189
444,Mychal Mulder\muldemy01,GSW,$1517981,$1782621,,,,,Minimum Salary,$238534
445,Robert Woodard\woodaro01,SAC,$1500000,$1517981,$1782621,$1930681,,,MLE,$3317981
446,J.R. Smith\smithjr01,CLE,$1456667,$1456666,,,,,,$4370000
447,Jae'Sean Tate\tateja01,HOU,$1445967,$1517981,$1782621,,,,MLE,$50000
448,DaQuan Jeffries\jeffrda01,SAC,$1445697,$1701593,,,,,Minimum Salary,$1445697
449,Zylan Cheatham\cheatzy01,OKC,$1445697,,,,,,Sign and Trade,$1445697
450,Isaiah Hartenstein\harteis01,DEN,$1445697,$1701593,,,,,Minimum Salary,$1445697
451,Zach Norvell\norveza01,CHI,$1445697,,,,,,Minimum Salary,$1445697
452,Ryan Broekhoff\broekry01,PHI,$1445697,,,,,,,
453,Ky Bowman\bowmaky01,LAC,$1445697,,,,,,,
454,Vernon Carey Jr.\careyve01,CHO,$1350000,$1517981,$1782621,$1930681,,,Cap Space,$4650602
455,Xavier Tillman Sr.\tillmxa01,MEM,$1300000,$1517981,$1782621,$1930681,,,MLE,$4600602
456,Tyrell Terry\terryty01,DAL,$1289846,$1517981,$1782621,$1930681,,,MLE,$4590448
457,Guerschon Yabusele\yabusgu01,BOS,$1039080,$1039080,,,,,,$3117240
458,Elfrid Payton\paytoel01,NYK,$1000000,,,,,,,$13760000
459,Quinn Cook\cookqu01,LAL,$1000000,,,,,,Cap Space,$4000000
460,Nick Richards\richani01,CHO,$1000000,,,,,,Cap Space,$1000000
461,Kyle Singler\singlky01,OKC,$999200,$999200,$999200,,,,,$3996800
462,Deividas Sirvydis\sirvyde01,DET,$898310,$1517981,$1782621,,,,Cap Space,$4198912
463,Elijah Hughes\hugheel01,UTA,$898310,$1517981,,,,,Minimum Salary,$2416291
464,Tre Jones\jonestr01,SAS,$898310,$1517981,$1782621,,,,MLE,$2416291
465,CJ Elleby\ellebcj01,POR,$898310,$1517981,,,,,Minimum Salary,$2416291
466,Isaiah Joe\joeis01,PHI,$898310,$1517981,$1782621,,,,MLE,$2416291
467,Jordan Nwora\nworajo01,MIL,$898310,$1517981,,,,,Minimum Salary,$2416291
468,Daniel Oturu\oturuda01,LAC,$898310,$1517981,,,,,,$2416291
469,Vlatko Čančar\cancavl01,DEN,$898310,$1782621,,,,,MLE,$1796620
470,Sam Merrill\merrisa01,MIL,$898310,$1517981,,,,,,$1398310
471,Anthony Gill\gillan01,WAS,$898310,$1517981,,,,,Minimum Salary,$898310
472,Kenyon Martin Jr.\martike04,HOU,$898310,$1517981,$1782621,$1930681,,,MLE,$898310
473,Khyri Thomas\thomakh01,DET,$744684,,,,,,,$2161536
474,Patrick Patterson\pattepa01,OKC,$737067,$737066,,,,,,$2211200
475,Cole Aldrich\aldrico01,MIN,$685340,,,,,,,$1370680
476,Shaun Livingston\livinsh01,GSW,$666667,$666666,,,,,,$2666666
477,Dakari Johnson\johnsda04,MEM,$459414,,,,,,,$918828
478,Wayne Ellington\ellinwa01,NYK,$440472,,,,,,,$8440472
479,A.J. Hammons\hammoaj01,MIA,$350087,,,,,,,$700174
480,Rayjon Tucker\tuckera01,CLE,$340000,,,,,,,$340000
481,Troy Williams\willitr02,HOU,$122741,$122741,$122741,,,,,$490964
482,Demetrius Jackson\jacksde01,BOS,$92857,$92857,$92857,$92857,,,,$464285
